{"1": 4.181696176528931, "2": 6.848153352737427, "3": 9.156132459640503, "4": 8.955008506774902, "5": 13.489663030952215, "6": 13.432971239089966}